country,country_code
Belgium,BE
Bulgaria,BG
Czech Republic,CZ
Denmark,DK
Germany,DE
Estonia,EE
Ireland,IE
Greece,GR
Spain,ES
France,FR
Croatia,HR
Italy,IT
Cyprus,CY
Latvia,LV
Lithuania,LT
Luxembourg,LU
Hungary,HU
Malta,MT
Netherlands,NL
Austria,AT
Poland,PL
Portugal,PT
Romania,RO
Slovenia,SI
Slovakia,SK
Finland,FI
Sweden,SE
United Kingdom,GB
Iceland,IS
Liechtenstein,LI
Norway,NO
Switzerland,CH
